label,prompt,tokens_len,year1,year2
No,"<system> You are a bot that can compare years. <system>
Please answer: Is 1962 earlier than 1884? Answer with 'Yes' or 'No'.
A:",46,1962,1884
No,"<system> You are a bot that can compare years. <system>
Please answer: Is 1923 earlier than 1868? Answer with 'Yes' or 'No'.
A:",46,1923,1868
Yes,"<system> You are a bot that can compare years. <system>
Please answer: Is 1818 earlier than 1977? Answer with 'Yes' or 'No'.
A:",46,1818,1977
No,"<system> You are a bot that can compare years. <system>
Please answer: Is 1956 earlier than 1866? Answer with 'Yes' or 'No'.
A:",46,1956,1866
Yes,"<system> You are a bot that can compare years. <system>
Please answer: Is 1851 earlier than 2004? Answer with 'Yes' or 'No'.
A:",46,1851,2004
No,"<system> You are a bot that can compare years. <system>
Please answer: Is 1966 earlier than 1870? Answer with 'Yes' or 'No'.
A:",46,1966,1870
No,"<system> You are a bot that can compare years. <system>
Please answer: Is 1942 earlier than 1911? Answer with 'Yes' or 'No'.
A:",46,1942,1911
Yes,"<system> You are a bot that can compare years. <system>
Please answer: Is 1925 earlier than 1957? Answer with 'Yes' or 'No'.
A:",46,1925,1957
No,"<system> You are a bot that can compare years. <system>
Please answer: Is 1903 earlier than 1858? Answer with 'Yes' or 'No'.
A:",46,1903,1858
Yes,"<system> You are a bot that can compare years. <system>
Please answer: Is 1810 earlier than 1824? Answer with 'Yes' or 'No'.
A:",46,1810,1824
No,"<system> You are a bot that can compare years. <system>
Please answer: Is 1906 earlier than 1851? Answer with 'Yes' or 'No'.
A:",46,1906,1851
Yes,"<system> You are a bot that can compare years. <system>
Please answer: Is 1886 earlier than 1945? Answer with 'Yes' or 'No'.
A:",46,1886,1945
No,"<system> You are a bot that can compare years. <system>
Please answer: Is 1988 earlier than 1913? Answer with 'Yes' or 'No'.
A:",46,1988,1913
No,"<system> You are a bot that can compare years. <system>
Please answer: Is 1995 earlier than 1880? Answer with 'Yes' or 'No'.
A:",46,1995,1880
No,"<system> You are a bot that can compare years. <system>
Please answer: Is 1958 earlier than 1893? Answer with 'Yes' or 'No'.
A:",46,1958,1893
Yes,"<system> You are a bot that can compare years. <system>
Please answer: Is 1839 earlier than 1905? Answer with 'Yes' or 'No'.
A:",46,1839,1905
Yes,"<system> You are a bot that can compare years. <system>
Please answer: Is 1836 earlier than 1931? Answer with 'Yes' or 'No'.
A:",46,1836,1931
No,"<system> You are a bot that can compare years. <system>
Please answer: Is 2000 earlier than 1810? Answer with 'Yes' or 'No'.
A:",46,2000,1810
Yes,"<system> You are a bot that can compare years. <system>
Please answer: Is 1808 earlier than 1904? Answer with 'Yes' or 'No'.
A:",46,1808,1904
Yes,"<system> You are a bot that can compare years. <system>
Please answer: Is 1825 earlier than 1845? Answer with 'Yes' or 'No'.
A:",46,1825,1845
Yes,"<system> You are a bot that can compare years. <system>
Please answer: Is 1816 earlier than 2014? Answer with 'Yes' or 'No'.
A:",46,1816,2014
No,"<system> You are a bot that can compare years. <system>
Please answer: Is 1829 earlier than 1807? Answer with 'Yes' or 'No'.
A:",46,1829,1807
Yes,"<system> You are a bot that can compare years. <system>
Please answer: Is 1810 earlier than 2017? Answer with 'Yes' or 'No'.
A:",46,1810,2017
Yes,"<system> You are a bot that can compare years. <system>
Please answer: Is 1941 earlier than 2003? Answer with 'Yes' or 'No'.
A:",46,1941,2003
Yes,"<system> You are a bot that can compare years. <system>
Please answer: Is 1825 earlier than 1862? Answer with 'Yes' or 'No'.
A:",46,1825,1862
Yes,"<system> You are a bot that can compare years. <system>
Please answer: Is 1883 earlier than 1884? Answer with 'Yes' or 'No'.
A:",46,1883,1884
No,"<system> You are a bot that can compare years. <system>
Please answer: Is 1880 earlier than 1869? Answer with 'Yes' or 'No'.
A:",46,1880,1869
No,"<system> You are a bot that can compare years. <system>
Please answer: Is 1904 earlier than 1818? Answer with 'Yes' or 'No'.
A:",46,1904,1818
Yes,"<system> You are a bot that can compare years. <system>
Please answer: Is 1835 earlier than 1909? Answer with 'Yes' or 'No'.
A:",46,1835,1909
No,"<system> You are a bot that can compare years. <system>
Please answer: Is 1993 earlier than 1841? Answer with 'Yes' or 'No'.
A:",46,1993,1841
No,"<system> You are a bot that can compare years. <system>
Please answer: Is 2007 earlier than 1818? Answer with 'Yes' or 'No'.
A:",46,2007,1818
Yes,"<system> You are a bot that can compare years. <system>
Please answer: Is 1915 earlier than 2005? Answer with 'Yes' or 'No'.
A:",46,1915,2005
Yes,"<system> You are a bot that can compare years. <system>
Please answer: Is 1933 earlier than 1989? Answer with 'Yes' or 'No'.
A:",46,1933,1989
No,"<system> You are a bot that can compare years. <system>
Please answer: Is 1948 earlier than 1923? Answer with 'Yes' or 'No'.
A:",46,1948,1923
Yes,"<system> You are a bot that can compare years. <system>
Please answer: Is 1860 earlier than 1966? Answer with 'Yes' or 'No'.
A:",46,1860,1966
No,"<system> You are a bot that can compare years. <system>
Please answer: Is 2016 earlier than 1985? Answer with 'Yes' or 'No'.
A:",46,2016,1985
No,"<system> You are a bot that can compare years. <system>
Please answer: Is 2012 earlier than 1970? Answer with 'Yes' or 'No'.
A:",46,2012,1970
No,"<system> You are a bot that can compare years. <system>
Please answer: Is 1967 earlier than 1881? Answer with 'Yes' or 'No'.
A:",46,1967,1881
Yes,"<system> You are a bot that can compare years. <system>
Please answer: Is 1828 earlier than 1930? Answer with 'Yes' or 'No'.
A:",46,1828,1930
No,"<system> You are a bot that can compare years. <system>
Please answer: Is 1942 earlier than 1873? Answer with 'Yes' or 'No'.
A:",46,1942,1873
No,"<system> You are a bot that can compare years. <system>
Please answer: Is 1844 earlier than 1813? Answer with 'Yes' or 'No'.
A:",46,1844,1813
No,"<system> You are a bot that can compare years. <system>
Please answer: Is 2000 earlier than 1979? Answer with 'Yes' or 'No'.
A:",46,2000,1979
No,"<system> You are a bot that can compare years. <system>
Please answer: Is 1980 earlier than 1964? Answer with 'Yes' or 'No'.
A:",46,1980,1964
No,"<system> You are a bot that can compare years. <system>
Please answer: Is 1972 earlier than 1900? Answer with 'Yes' or 'No'.
A:",46,1972,1900
No,"<system> You are a bot that can compare years. <system>
Please answer: Is 1829 earlier than 1828? Answer with 'Yes' or 'No'.
A:",46,1829,1828
Yes,"<system> You are a bot that can compare years. <system>
Please answer: Is 1854 earlier than 1963? Answer with 'Yes' or 'No'.
A:",46,1854,1963
No,"<system> You are a bot that can compare years. <system>
Please answer: Is 2008 earlier than 1852? Answer with 'Yes' or 'No'.
A:",46,2008,1852
No,"<system> You are a bot that can compare years. <system>
Please answer: Is 1970 earlier than 1884? Answer with 'Yes' or 'No'.
A:",46,1970,1884
Yes,"<system> You are a bot that can compare years. <system>
Please answer: Is 1911 earlier than 1922? Answer with 'Yes' or 'No'.
A:",46,1911,1922
No,"<system> You are a bot that can compare years. <system>
Please answer: Is 1950 earlier than 1831? Answer with 'Yes' or 'No'.
A:",46,1950,1831
Yes,"<system> You are a bot that can compare years. <system>
Please answer: Is 1806 earlier than 1885? Answer with 'Yes' or 'No'.
A:",46,1806,1885
Yes,"<system> You are a bot that can compare years. <system>
Please answer: Is 1954 earlier than 2006? Answer with 'Yes' or 'No'.
A:",46,1954,2006
Yes,"<system> You are a bot that can compare years. <system>
Please answer: Is 1830 earlier than 1954? Answer with 'Yes' or 'No'.
A:",46,1830,1954
Yes,"<system> You are a bot that can compare years. <system>
Please answer: Is 1868 earlier than 1980? Answer with 'Yes' or 'No'.
A:",46,1868,1980
Yes,"<system> You are a bot that can compare years. <system>
Please answer: Is 1827 earlier than 1914? Answer with 'Yes' or 'No'.
A:",46,1827,1914
Yes,"<system> You are a bot that can compare years. <system>
Please answer: Is 1861 earlier than 1947? Answer with 'Yes' or 'No'.
A:",46,1861,1947
No,"<system> You are a bot that can compare years. <system>
Please answer: Is 1995 earlier than 1833? Answer with 'Yes' or 'No'.
A:",46,1995,1833
No,"<system> You are a bot that can compare years. <system>
Please answer: Is 1865 earlier than 1864? Answer with 'Yes' or 'No'.
A:",46,1865,1864
Yes,"<system> You are a bot that can compare years. <system>
Please answer: Is 1898 earlier than 2007? Answer with 'Yes' or 'No'.
A:",46,1898,2007
Yes,"<system> You are a bot that can compare years. <system>
Please answer: Is 1892 earlier than 1940? Answer with 'Yes' or 'No'.
A:",46,1892,1940
Yes,"<system> You are a bot that can compare years. <system>
Please answer: Is 1813 earlier than 1888? Answer with 'Yes' or 'No'.
A:",46,1813,1888
Yes,"<system> You are a bot that can compare years. <system>
Please answer: Is 1837 earlier than 1996? Answer with 'Yes' or 'No'.
A:",46,1837,1996
Yes,"<system> You are a bot that can compare years. <system>
Please answer: Is 1887 earlier than 2017? Answer with 'Yes' or 'No'.
A:",46,1887,2017
No,"<system> You are a bot that can compare years. <system>
Please answer: Is 1969 earlier than 1855? Answer with 'Yes' or 'No'.
A:",46,1969,1855
No,"<system> You are a bot that can compare years. <system>
Please answer: Is 1929 earlier than 1920? Answer with 'Yes' or 'No'.
A:",46,1929,1920
Yes,"<system> You are a bot that can compare years. <system>
Please answer: Is 1805 earlier than 2011? Answer with 'Yes' or 'No'.
A:",46,1805,2011
Yes,"<system> You are a bot that can compare years. <system>
Please answer: Is 1898 earlier than 1961? Answer with 'Yes' or 'No'.
A:",46,1898,1961
No,"<system> You are a bot that can compare years. <system>
Please answer: Is 2007 earlier than 1911? Answer with 'Yes' or 'No'.
A:",46,2007,1911
No,"<system> You are a bot that can compare years. <system>
Please answer: Is 1960 earlier than 1891? Answer with 'Yes' or 'No'.
A:",46,1960,1891
No,"<system> You are a bot that can compare years. <system>
Please answer: Is 1981 earlier than 1819? Answer with 'Yes' or 'No'.
A:",46,1981,1819
No,"<system> You are a bot that can compare years. <system>
Please answer: Is 1965 earlier than 1905? Answer with 'Yes' or 'No'.
A:",46,1965,1905
No,"<system> You are a bot that can compare years. <system>
Please answer: Is 1963 earlier than 1909? Answer with 'Yes' or 'No'.
A:",46,1963,1909
Yes,"<system> You are a bot that can compare years. <system>
Please answer: Is 1853 earlier than 2019? Answer with 'Yes' or 'No'.
A:",46,1853,2019
Yes,"<system> You are a bot that can compare years. <system>
Please answer: Is 1969 earlier than 1981? Answer with 'Yes' or 'No'.
A:",46,1969,1981
Yes,"<system> You are a bot that can compare years. <system>
Please answer: Is 1802 earlier than 1864? Answer with 'Yes' or 'No'.
A:",46,1802,1864
No,"<system> You are a bot that can compare years. <system>
Please answer: Is 1859 earlier than 1856? Answer with 'Yes' or 'No'.
A:",46,1859,1856
No,"<system> You are a bot that can compare years. <system>
Please answer: Is 1880 earlier than 1822? Answer with 'Yes' or 'No'.
A:",46,1880,1822
Yes,"<system> You are a bot that can compare years. <system>
Please answer: Is 1910 earlier than 1926? Answer with 'Yes' or 'No'.
A:",46,1910,1926
No,"<system> You are a bot that can compare years. <system>
Please answer: Is 2001 earlier than 1830? Answer with 'Yes' or 'No'.
A:",46,2001,1830
No,"<system> You are a bot that can compare years. <system>
Please answer: Is 1939 earlier than 1813? Answer with 'Yes' or 'No'.
A:",46,1939,1813
No,"<system> You are a bot that can compare years. <system>
Please answer: Is 1867 earlier than 1803? Answer with 'Yes' or 'No'.
A:",46,1867,1803
Yes,"<system> You are a bot that can compare years. <system>
Please answer: Is 1840 earlier than 2002? Answer with 'Yes' or 'No'.
A:",46,1840,2002
Yes,"<system> You are a bot that can compare years. <system>
Please answer: Is 1981 earlier than 2004? Answer with 'Yes' or 'No'.
A:",46,1981,2004
No,"<system> You are a bot that can compare years. <system>
Please answer: Is 1973 earlier than 1905? Answer with 'Yes' or 'No'.
A:",46,1973,1905
Yes,"<system> You are a bot that can compare years. <system>
Please answer: Is 1846 earlier than 1878? Answer with 'Yes' or 'No'.
A:",46,1846,1878
No,"<system> You are a bot that can compare years. <system>
Please answer: Is 1942 earlier than 1930? Answer with 'Yes' or 'No'.
A:",46,1942,1930
Yes,"<system> You are a bot that can compare years. <system>
Please answer: Is 1813 earlier than 1857? Answer with 'Yes' or 'No'.
A:",46,1813,1857
Yes,"<system> You are a bot that can compare years. <system>
Please answer: Is 1998 earlier than 2017? Answer with 'Yes' or 'No'.
A:",46,1998,2017
Yes,"<system> You are a bot that can compare years. <system>
Please answer: Is 1893 earlier than 1968? Answer with 'Yes' or 'No'.
A:",46,1893,1968
No,"<system> You are a bot that can compare years. <system>
Please answer: Is 1934 earlier than 1858? Answer with 'Yes' or 'No'.
A:",46,1934,1858
Yes,"<system> You are a bot that can compare years. <system>
Please answer: Is 1845 earlier than 1915? Answer with 'Yes' or 'No'.
A:",46,1845,1915
No,"<system> You are a bot that can compare years. <system>
Please answer: Is 1939 earlier than 1825? Answer with 'Yes' or 'No'.
A:",46,1939,1825
No,"<system> You are a bot that can compare years. <system>
Please answer: Is 2010 earlier than 1882? Answer with 'Yes' or 'No'.
A:",46,2010,1882
Yes,"<system> You are a bot that can compare years. <system>
Please answer: Is 1908 earlier than 2005? Answer with 'Yes' or 'No'.
A:",46,1908,2005
No,"<system> You are a bot that can compare years. <system>
Please answer: Is 1974 earlier than 1825? Answer with 'Yes' or 'No'.
A:",46,1974,1825
No,"<system> You are a bot that can compare years. <system>
Please answer: Is 1882 earlier than 1800? Answer with 'Yes' or 'No'.
A:",46,1882,1800
No,"<system> You are a bot that can compare years. <system>
Please answer: Is 2005 earlier than 1856? Answer with 'Yes' or 'No'.
A:",46,2005,1856
No,"<system> You are a bot that can compare years. <system>
Please answer: Is 1865 earlier than 1816? Answer with 'Yes' or 'No'.
A:",46,1865,1816
No,"<system> You are a bot that can compare years. <system>
Please answer: Is 1904 earlier than 1809? Answer with 'Yes' or 'No'.
A:",46,1904,1809
Yes,"<system> You are a bot that can compare years. <system>
Please answer: Is 1822 earlier than 2009? Answer with 'Yes' or 'No'.
A:",46,1822,2009
No,"<system> You are a bot that can compare years. <system>
Please answer: Is 2015 earlier than 1836? Answer with 'Yes' or 'No'.
A:",46,2015,1836
Yes,"<system> You are a bot that can compare years. <system>
Please answer: Is 1800 earlier than 2004? Answer with 'Yes' or 'No'.
A:",46,1800,2004
Yes,"<system> You are a bot that can compare years. <system>
Please answer: Is 1930 earlier than 1956? Answer with 'Yes' or 'No'.
A:",46,1930,1956
Yes,"<system> You are a bot that can compare years. <system>
Please answer: Is 1803 earlier than 1926? Answer with 'Yes' or 'No'.
A:",46,1803,1926
No,"<system> You are a bot that can compare years. <system>
Please answer: Is 1846 earlier than 1815? Answer with 'Yes' or 'No'.
A:",46,1846,1815
No,"<system> You are a bot that can compare years. <system>
Please answer: Is 1973 earlier than 1858? Answer with 'Yes' or 'No'.
A:",46,1973,1858
Yes,"<system> You are a bot that can compare years. <system>
Please answer: Is 1818 earlier than 1902? Answer with 'Yes' or 'No'.
A:",46,1818,1902
No,"<system> You are a bot that can compare years. <system>
Please answer: Is 1883 earlier than 1804? Answer with 'Yes' or 'No'.
A:",46,1883,1804
No,"<system> You are a bot that can compare years. <system>
Please answer: Is 1993 earlier than 1859? Answer with 'Yes' or 'No'.
A:",46,1993,1859
No,"<system> You are a bot that can compare years. <system>
Please answer: Is 1960 earlier than 1862? Answer with 'Yes' or 'No'.
A:",46,1960,1862
No,"<system> You are a bot that can compare years. <system>
Please answer: Is 2011 earlier than 1814? Answer with 'Yes' or 'No'.
A:",46,2011,1814
No,"<system> You are a bot that can compare years. <system>
Please answer: Is 1891 earlier than 1835? Answer with 'Yes' or 'No'.
A:",46,1891,1835
No,"<system> You are a bot that can compare years. <system>
Please answer: Is 1974 earlier than 1889? Answer with 'Yes' or 'No'.
A:",46,1974,1889
Yes,"<system> You are a bot that can compare years. <system>
Please answer: Is 1887 earlier than 1983? Answer with 'Yes' or 'No'.
A:",46,1887,1983
Yes,"<system> You are a bot that can compare years. <system>
Please answer: Is 1844 earlier than 1943? Answer with 'Yes' or 'No'.
A:",46,1844,1943
Yes,"<system> You are a bot that can compare years. <system>
Please answer: Is 1828 earlier than 1837? Answer with 'Yes' or 'No'.
A:",46,1828,1837
No,"<system> You are a bot that can compare years. <system>
Please answer: Is 1945 earlier than 1843? Answer with 'Yes' or 'No'.
A:",46,1945,1843
Yes,"<system> You are a bot that can compare years. <system>
Please answer: Is 1848 earlier than 1882? Answer with 'Yes' or 'No'.
A:",46,1848,1882
Yes,"<system> You are a bot that can compare years. <system>
Please answer: Is 1934 earlier than 2015? Answer with 'Yes' or 'No'.
A:",46,1934,2015
No,"<system> You are a bot that can compare years. <system>
Please answer: Is 1830 earlier than 1823? Answer with 'Yes' or 'No'.
A:",46,1830,1823
Yes,"<system> You are a bot that can compare years. <system>
Please answer: Is 1969 earlier than 1973? Answer with 'Yes' or 'No'.
A:",46,1969,1973
No,"<system> You are a bot that can compare years. <system>
Please answer: Is 1929 earlier than 1846? Answer with 'Yes' or 'No'.
A:",46,1929,1846
Yes,"<system> You are a bot that can compare years. <system>
Please answer: Is 1889 earlier than 1926? Answer with 'Yes' or 'No'.
A:",46,1889,1926
Yes,"<system> You are a bot that can compare years. <system>
Please answer: Is 1926 earlier than 1967? Answer with 'Yes' or 'No'.
A:",46,1926,1967
Yes,"<system> You are a bot that can compare years. <system>
Please answer: Is 1927 earlier than 2014? Answer with 'Yes' or 'No'.
A:",46,1927,2014
Yes,"<system> You are a bot that can compare years. <system>
Please answer: Is 1833 earlier than 1902? Answer with 'Yes' or 'No'.
A:",46,1833,1902
No,"<system> You are a bot that can compare years. <system>
Please answer: Is 1988 earlier than 1880? Answer with 'Yes' or 'No'.
A:",46,1988,1880
No,"<system> You are a bot that can compare years. <system>
Please answer: Is 2010 earlier than 1803? Answer with 'Yes' or 'No'.
A:",46,2010,1803
Yes,"<system> You are a bot that can compare years. <system>
Please answer: Is 1823 earlier than 1940? Answer with 'Yes' or 'No'.
A:",46,1823,1940
No,"<system> You are a bot that can compare years. <system>
Please answer: Is 1993 earlier than 1845? Answer with 'Yes' or 'No'.
A:",46,1993,1845
Yes,"<system> You are a bot that can compare years. <system>
Please answer: Is 1912 earlier than 1986? Answer with 'Yes' or 'No'.
A:",46,1912,1986
No,"<system> You are a bot that can compare years. <system>
Please answer: Is 1962 earlier than 1852? Answer with 'Yes' or 'No'.
A:",46,1962,1852
No,"<system> You are a bot that can compare years. <system>
Please answer: Is 1867 earlier than 1809? Answer with 'Yes' or 'No'.
A:",46,1867,1809
Yes,"<system> You are a bot that can compare years. <system>
Please answer: Is 1805 earlier than 1905? Answer with 'Yes' or 'No'.
A:",46,1805,1905
Yes,"<system> You are a bot that can compare years. <system>
Please answer: Is 1884 earlier than 1952? Answer with 'Yes' or 'No'.
A:",46,1884,1952
Yes,"<system> You are a bot that can compare years. <system>
Please answer: Is 1921 earlier than 1954? Answer with 'Yes' or 'No'.
A:",46,1921,1954
No,"<system> You are a bot that can compare years. <system>
Please answer: Is 1879 earlier than 1836? Answer with 'Yes' or 'No'.
A:",46,1879,1836
Yes,"<system> You are a bot that can compare years. <system>
Please answer: Is 1936 earlier than 1945? Answer with 'Yes' or 'No'.
A:",46,1936,1945
Yes,"<system> You are a bot that can compare years. <system>
Please answer: Is 1932 earlier than 1938? Answer with 'Yes' or 'No'.
A:",46,1932,1938
Yes,"<system> You are a bot that can compare years. <system>
Please answer: Is 1900 earlier than 1924? Answer with 'Yes' or 'No'.
A:",46,1900,1924
Yes,"<system> You are a bot that can compare years. <system>
Please answer: Is 1942 earlier than 2001? Answer with 'Yes' or 'No'.
A:",46,1942,2001
No,"<system> You are a bot that can compare years. <system>
Please answer: Is 1924 earlier than 1900? Answer with 'Yes' or 'No'.
A:",46,1924,1900
No,"<system> You are a bot that can compare years. <system>
Please answer: Is 1997 earlier than 1849? Answer with 'Yes' or 'No'.
A:",46,1997,1849
No,"<system> You are a bot that can compare years. <system>
Please answer: Is 1964 earlier than 1841? Answer with 'Yes' or 'No'.
A:",46,1964,1841
No,"<system> You are a bot that can compare years. <system>
Please answer: Is 2019 earlier than 1853? Answer with 'Yes' or 'No'.
A:",46,2019,1853
